{
    "test_metrics": {
        "LLM": {
            "0": {
                "precision": 0.23809523809523808,
                "recall": 0.2564102564102564,
                "f1-score": 0.24691358024691357,
                "support": 39.0
            },
            "1": {
                "precision": 0.1111111111111111,
                "recall": 0.19230769230769232,
                "f1-score": 0.14084507042253522,
                "support": 26.0
            },
            "2": {
                "precision": 0.38461538461538464,
                "recall": 0.14285714285714285,
                "f1-score": 0.20833333333333334,
                "support": 35.0
            },
            "accuracy": 0.2,
            "macro avg": {
                "precision": 0.24460724460724462,
                "recall": 0.19719169719169716,
                "f1-score": 0.1986973280009274,
                "support": 100.0
            },
            "weighted avg": {
                "precision": 0.25636141636141635,
                "recall": 0.2,
                "f1-score": 0.20583268127282214,
                "support": 100.0
            },
            "confusion_matrix": [
                [
                    10,
                    26,
                    3
                ],
                [
                    16,
                    5,
                    5
                ],
                [
                    16,
                    14,
                    5
                ]
            ]
        },
        "Random": {
            "0": {
                "precision": 0.35,
                "recall": 0.3300589390962672,
                "f1-score": 0.339737108190091,
                "support": 1018.0
            },
            "1": {
                "precision": 0.310107948969578,
                "recall": 0.3347457627118644,
                "f1-score": 0.32195618950585836,
                "support": 944.0
            },
            "2": {
                "precision": 0.3456669912366115,
                "recall": 0.3400383141762452,
                "f1-score": 0.34282955094157413,
                "support": 1044.0
            },
            "accuracy": 0.33499667332002664,
            "macro avg": {
                "precision": 0.3352583134020632,
                "recall": 0.3349476719947922,
                "f1-score": 0.33484094954584115,
                "support": 3006.0
            },
            "weighted avg": {
                "precision": 0.3359674792675662,
                "recall": 0.33499667332002664,
                "f1-score": 0.3352272356001485,
                "support": 3006.0
            },
            "confusion_matrix": [
                [
                    336,
                    343,
                    339
                ],
                [
                    295,
                    316,
                    333
                ],
                [
                    329,
                    360,
                    355
                ]
            ]
        },
        "MajorityClass": {
            "0": {
                "precision": 0.33865602129075184,
                "recall": 1.0,
                "f1-score": 0.5059642147117296,
                "support": 1018.0
            },
            "1": {
                "precision": 0.0,
                "recall": 0.0,
                "f1-score": 0.0,
                "support": 944.0
            },
            "2": {
                "precision": 0.0,
                "recall": 0.0,
                "f1-score": 0.0,
                "support": 1044.0
            },
            "accuracy": 0.33865602129075184,
            "macro avg": {
                "precision": 0.11288534043025061,
                "recall": 0.3333333333333333,
                "f1-score": 0.1686547382372432,
                "support": 3006.0
            },
            "weighted avg": {
                "precision": 0.11468790075648215,
                "recall": 0.33865602129075184,
                "f1-score": 0.171347827869774,
                "support": 3006.0
            },
            "confusion_matrix": [
                [
                    1018,
                    0,
                    0
                ],
                [
                    944,
                    0,
                    0
                ],
                [
                    1044,
                    0,
                    0
                ]
            ]
        },
        "NaiveBayes": {
            "0": {
                "precision": 0.4434918160561185,
                "recall": 0.5589390962671905,
                "f1-score": 0.494567579313342,
                "support": 1018.0
            },
            "1": {
                "precision": 0.39669421487603307,
                "recall": 0.711864406779661,
                "f1-score": 0.5094768764215315,
                "support": 944.0
            },
            "2": {
                "precision": 0.4482758620689655,
                "recall": 0.012452107279693486,
                "f1-score": 0.024231127679403542,
                "support": 1044.0
            },
            "accuracy": 0.4171656686626746,
            "macro avg": {
                "precision": 0.429487297667039,
                "recall": 0.42775187010884835,
                "f1-score": 0.34275852780475907,
                "support": 3006.0
            },
            "weighted avg": {
                "precision": 0.4304570883526626,
                "recall": 0.4171656686626746,
                "f1-score": 0.33589928954763976,
                "support": 3006.0
            },
            "confusion_matrix": [
                [
                    569,
                    440,
                    9
                ],
                [
                    265,
                    672,
                    7
                ],
                [
                    449,
                    582,
                    13
                ]
            ]
        },
        "RandomForest": {
            "0": {
                "precision": 0.37491792514773475,
                "recall": 0.5609037328094303,
                "f1-score": 0.4494293585202676,
                "support": 1018.0
            },
            "1": {
                "precision": 0.35138794854434663,
                "recall": 0.5497881355932204,
                "f1-score": 0.42874845105328374,
                "support": 944.0
            },
            "2": {
                "precision": 1.0,
                "recall": 0.005747126436781609,
                "f1-score": 0.011428571428571429,
                "support": 1044.0
            },
            "accuracy": 0.364604125083167,
            "macro avg": {
                "precision": 0.5754352912306938,
                "recall": 0.37214633161314414,
                "f1-score": 0.29653546033404093,
                "support": 3006.0
            },
            "weighted avg": {
                "precision": 0.5846229777865127,
                "recall": 0.364604125083167,
                "f1-score": 0.29081472166978073,
                "support": 3006.0
            },
            "confusion_matrix": [
                [
                    571,
                    447,
                    0
                ],
                [
                    425,
                    519,
                    0
                ],
                [
                    527,
                    511,
                    6
                ]
            ]
        },
        "LogisticRegression": {
            "0": {
                "precision": 0.4213886671987231,
                "recall": 0.518664047151277,
                "f1-score": 0.46499339498018494,
                "support": 1018.0
            },
            "1": {
                "precision": 0.38326506729081333,
                "recall": 0.6938559322033898,
                "f1-score": 0.4937806257067471,
                "support": 944.0
            },